Date,ML_Prediction,Confidence,TA_Signal,Hybrid_Signal,Portfolio_Value,Daily_Return,Close
2021-08-25,1,0.5627106188859671,0,0,100000.0,,4496.18994140625
2021-08-26,1,0.5580312650934437,0,0,100000.0,0.0,4470.0
2021-08-27,1,0.7869458537335021,0,1,100000.0,0.0,4509.3701171875
2021-08-30,1,0.5939808922974543,0,0,100430.65708447796,0.004306570844779589,4528.7900390625
2021-08-31,1,0.5073860729189974,0,0,100295.16447414726,-0.0013491160395051605,4522.68017578125
2021-09-01,1,0.47144534799032534,0,0,100326.42533613277,0.0003116886257619189,4524.08984375
2021-09-02,1,0.5922646410930393,0,0,100611.61708638372,0.002842638410522902,4536.9501953125
2021-09-03,0,0.617823566501553,0,0,100577.90906305122,-0.0003350311257154237,4535.43017578125
2021-09-07,1,0.512100568733685,0,0,100236.38928922957,-0.003395574405981705,4520.02978515625
2021-09-08,1,0.4778069866309149,0,0,100104.22092019764,-0.001318566739775151,4514.06982421875
2021-09-09,1,0.5342412929475294,0,0,99643.18005368595,-0.004605608657393456,4493.27978515625
2021-09-10,1,0.47304920823440866,0,0,98873.67774783193,-0.007722578759925436,4458.580078125
2021-09-13,1,0.8015666928763987,0,1,99098.76245101617,0.0022764876184568905,4468.72998046875
2021-09-14,1,0.5624656949484701,0,0,98529.27768676118,-0.00574663850657553,4443.0498046875
2021-09-15,1,0.7683343663263418,0,1,99364.21448827798,0.008473996979569742,4480.7001953125
2021-09-16,1,0.6734238938572237,0,0,99210.08663600858,-0.0015511404489347846,4473.75
2021-09-17,1,0.5276102657280208,1,1,98306.19619087425,-0.009110872450405205,4432.990234375
2021-09-20,1,0.8542617815505449,1,1,96637.22132408754,-0.01697731100841471,4357.72998046875
2021-09-21,1,0.84675346846752,1,1,96558.71725432828,-0.0008123585165594749,4354.18994140625
2021-09-22,1,0.7786230239559739,1,1,97477.91870010254,0.009519611195260236,4395.64013671875
2021-09-23,1,0.6408807933540923,1,1,98660.78553879238,0.012134715784494876,4448.97998046875
2021-09-24,1,0.71953546855905,1,1,98804.92983901793,0.001461009046688444,4455.47998046875
2021-09-27,1,0.5764578916089432,1,1,98530.6095489102,-0.0027763826213396126,4443.10986328125
2021-09-28,1,0.5892633566730274,1,1,96524.12132289645,-0.020364110556098214,4352.6298828125
2021-09-29,1,0.6057120049302674,1,1,96675.58545086782,0.0015691842194003325,4359.4599609375
2021-09-30,1,0.5544063365593915,1,1,95524.20686526211,-0.011909714125195148,4307.5400390625
2021-10-01,1,0.5973824875425078,1,1,96621.92115159515,0.01149147763018199,4357.0400390625
2021-10-04,1,0.7651393210144597,1,1,95367.1987257436,-0.012985898136748442,4300.4599609375
2021-10-05,-1,0.5457635954094464,1,1,96370.89220687392,0.010524514660609219,4345.72021484375
2021-10-06,-1,0.5784226843572048,0,0,96766.28201477176,0.004102792854185466,4363.5498046875
2021-10-07,-1,0.6064370856873342,0,0,97569.2757810072,0.008298280656405366,4399.759765625
2021-10-08,1,0.591287709456576,0,0,97382.55520460327,-0.0019137230947888773,4391.33984375
2021-10-11,-1,0.4773100971572367,0,0,96713.9495776481,-0.006865763848056816,4361.18994140625
2021-10-12,1,0.7320143999560536,0,0,96480.21318456902,-0.0024167805585422197,4350.64990234375
2021-10-13,1,0.4408519325000011,0,0,96771.8260263189,0.00302251448379387,4363.7998046875
2021-10-14,1,0.5027729430065028,0,0,98423.05355926623,0.01706310194558336,4438.259765625
2021-10-15,1,0.6529607400251094,0,0,99157.31024483524,0.007460210377712606,4471.3701171875
2021-10-18,-1,0.53536956779873,-1,-1,99491.9433168132,0.00337476955709759,4486.4599609375
2021-10-19,0,0.3652011390718459,-1,-1,99491.9433168132,0.0,4519.6298828125
2021-10-20,-1,0.6126364223572759,-1,-1,99491.9433168132,0.0,4536.18994140625
2021-10-21,-1,0.535191710604526,-1,-1,99491.9433168132,0.0,4549.77978515625
2021-10-22,-1,0.5216691242960082,-1,-1,99491.9433168132,0.0,4544.89990234375
2021-10-25,-1,0.6369101598561182,-1,-1,99491.9433168132,0.0,4566.47998046875
2021-10-26,1,0.5653999061474999,-1,-1,99491.9433168132,0.0,4574.7900390625
2021-10-27,1,0.5642679002529217,-1,-1,99491.9433168132,0.0,4551.68017578125
2021-10-28,1,0.6653190959110336,-1,-1,99491.9433168132,0.0,4596.419921875
2021-10-29,1,0.5386390682318248,1,1,99491.9433168132,0.0,4605.3798828125
2021-11-01,-1,0.5391685505011621,1,1,99671.03648990378,0.0018000771431341267,4613.669921875
2021-11-02,1,0.5542626108837118,1,1,100037.8620932861,0.0036803630854131963,4630.64990234375
2021-11-03,-1,0.591448350689137,1,1,100684.23465037753,0.006461279195357994,4660.56982421875
2021-11-04,-1,0.5842480195866073,1,1,101105.29031636196,0.004181942361150437,4680.06005859375
2021-11-05,-1,0.6681219386330177,1,1,101482.69610896619,0.003732799652949037,4697.52978515625
2021-11-08,-1,0.6509503551149803,1,1,101572.79121977823,0.0008877879113036169,4701.7001953125
2021-11-09,-1,0.48368378848890414,1,1,101217.41078619231,-0.003498775895770745,4685.25
2021-11-10,1,0.479467233772508,1,1,100384.81424054268,-0.008225823395229703,4646.7099609375
2021-11-11,0,0.43595731537013976,1,1,100440.1202545911,0.0005509400447352153,4649.27001953125
2021-11-12,1,0.6121654808352143,1,1,101165.5646944418,0.007222656026415253,4682.85009765625
2021-11-15,1,0.6193362321241082,-1,-1,101164.47819445192,-1.073982034460741e-05,4682.7998046875
2021-11-16,1,0.6015598088262782,-1,-1,101164.47819445192,0.0,4700.89990234375
2021-11-17,1,0.630827456736277,0,0,101164.47819445192,0.0,4688.669921875
2021-11-18,1,0.5814022290466864,-1,-1,101164.47819445192,0.0,4704.5400390625
2021-11-19,1,0.6301796592994653,0,0,101164.47819445192,0.0,4697.9599609375
2021-11-22,1,0.6316111011364058,0,0,101164.47819445192,0.0,4682.93994140625
2021-11-23,1,0.5194899014647676,0,0,101164.47819445192,0.0,4690.7001953125
2021-11-24,1,0.6847069982654976,0,0,101164.47819445192,0.0,4701.4599609375
2021-11-26,1,0.801235573088553,1,1,101164.47819445192,0.0,4594.6201171875
2021-11-29,1,0.7815016270124742,0,1,102499.86949267871,0.013200199537034996,4655.27001953125
2021-11-30,1,0.8041624603843187,1,1,100556.33765798176,-0.0189613103345051,4567.0
2021-12-01,1,0.8246342990159464,1,1,99368.24568249614,-0.011815187417889339,4513.0400390625
2021-12-02,1,0.8070356113287325,1,1,100778.7218993438,0.01419443613158311,4577.10009765625
2021-12-03,1,0.7400464868822203,1,1,99927.28644471926,-0.008448563730297565,4538.43017578125
2021-12-06,1,0.5207853097991186,0,0,101099.52070901274,0.011730872577451423,4591.669921875
2021-12-07,-1,0.5363444743976014,0,0,103192.99661014801,0.020707080374404274,4686.75
2021-12-08,-1,0.5599296483946148,0,0,103511.37644692324,0.0030852853123166657,4701.2099609375
2021-12-09,-1,0.5752972990986467,0,0,102768.05295416173,-0.007181080169894716,4667.4501953125
2021-12-10,-1,0.4967406188243708,1,1,103749.392628674,0.009549073338481762,4712.02001953125
2021-12-13,1,0.4800700679045595,1,1,102801.52078802009,-0.009136167611567658,4668.97021484375
2021-12-14,1,0.7104481115077504,0,0,102033.5237717427,-0.007470677577436136,4634.08984375
2021-12-15,1,0.6360711625592075,1,1,103701.61522627549,0.016348464630746795,4709.85009765625
2021-12-16,0,0.39374546671988625,1,1,102794.90892877727,-0.008743415379980357,4668.669921875
2021-12-17,1,0.6651297795741982,0,0,101737.38773459899,-0.010287680637092622,4620.64013671875
2021-12-20,1,0.5347200349849532,1,1,100578.79647742605,-0.01138805785140995,4568.02001953125
2021-12-21,0,0.46196659371892274,0,0,102366.87973847767,0.017777934551572727,4649.22998046875
2021-12-22,-1,0.563354782449882,0,0,103408.99476307066,0.010180197220578835,4696.56005859375
2021-12-23,-1,0.429247990092052,0,0,104052.58131567671,0.006223699921661829,4725.7900390625
2021-12-27,-1,0.44499123110403305,0,0,105492.55825083701,0.01383893524747526,4791.18994140625
2021-12-28,-1,0.6032824705532143,0,0,105385.99443162596,-0.0010101548486260992,4786.35009765625
2021-12-29,-1,0.6381957733555016,0,0,105533.73454498334,0.0014018951394270118,4793.06005859375
2021-12-30,-1,0.46756874805568827,0,0,105218.214471718,-0.0029897555945094245,4778.72998046875
2021-12-31,-1,0.4887071339571314,0,0,104941.89251032147,-0.0026261799136575448,4766.18017578125
2022-01-03,-1,0.5017320996694766,0,0,105610.79764588173,0.006374052530970564,4796.56005859375
2022-01-04,1,0.3962871621730925,0,0,105544.30276878121,-0.0006296219570604,4793.5400390625
2022-01-05,1,0.4417960129444879,0,0,103497.50766899929,-0.019392757790687165,4700.580078125
2022-01-06,1,0.6190880057353985,0,0,103397.75997785319,-0.0009637690162076495,4696.0498046875
2022-01-07,-1,0.507958086258973,0,0,102978.9766395029,-0.004050216740091761,4677.02978515625
2022-01-10,1,0.586185817340938,0,0,102830.58071571655,-0.0014410312534550718,4670.2900390625
2022-01-11,1,0.3885951681685692,0,0,103772.50725854725,0.009159984668711818,4713.06982421875
2022-01-12,-1,0.4470605119147215,0,0,104064.91270193932,0.002817754443029452,4726.35009765625
2022-01-13,-1,0.3400786029329165,0,0,102582.6521205969,-0.0142436152864307,4659.02978515625
2022-01-14,1,0.5987090294437475,0,0,102666.7678713543,0.0008199802697488323,4662.85009765625
2022-01-18,-1,0.5558915547536354,1,1,100778.93691915656,-0.01838794569400748,4577.10986328125
2022-01-19,1,0.44444867493735063,1,1,99802.43519043173,-0.009689541868338702,4532.759765625
2022-01-20,-1,0.5019259241538401,1,1,98700.87793859723,-0.01103737849414832,4482.72998046875
2022-01-21,1,0.5703562535199099,1,1,96833.96841418247,-0.018914821867908604,4397.93994140625
2022-01-24,1,0.4525333227747787,1,1,97102.36689547826,0.002771738943381896,4410.1298828125
2022-01-25,1,0.3507913329874222,1,1,95920.44598861929,-0.012171906253646725,4356.4501953125
2022-01-26,1,0.4274504737657516,1,1,95776.88801062039,-0.001496635847751726,4349.93017578125
2022-01-27,-1,0.45814310875618475,1,1,95261.21674463389,-0.005384088757710681,4326.509765625
2022-01-28,-1,0.5561297602110988,0,0,97580.60321206071,0.024347646888076113,4431.85009765625
2022-01-31,-1,0.6708878684331465,0,0,99423.5057743792,0.018885951732779516,4515.5498046875
2022-02-01,-1,0.45679750139851455,0,0,100105.84964823785,0.00686300355780145,4546.5400390625
2022-02-02,-1,0.6583542241328193,0,0,101049.09856291712,0.00942251544733641,4589.3798828125
2022-02-03,-1,0.6049845594645418,1,1,98584.40170601728,-0.024391082077444004,4477.43994140625
2022-02-04,-1,0.599056018025596,1,1,99092.79455134134,0.0051569298644233985,4500.52978515625
2022-02-07,0,0.47133414462834144,0,0,98725.98150173866,-0.0037017126347429485,4483.8701171875
2022-02-08,1,0.37214761970023236,0,0,99555.39892753509,0.008401207191663485,4521.5400390625
2022-02-09,1,0.4034658623192662,0,0,101000.66535008965,0.014517207887505323,4587.18017578125
2022-02-10,-1,0.38886628085359,0,0,99170.96500427552,-0.018115725668459648,4504.080078125
2022-02-11,1,0.5229874147530069,0,0,97289.74591132061,-0.01896945434456354,4418.64013671875
2022-02-14,1,0.588910490811895,0,0,96916.0952316717,-0.0038405967262932217,4401.669921875
2022-02-15,1,0.4393072728143917,0,0,98444.14428214445,0.01576672117072042,4471.06982421875
2022-02-16,1,0.432466744830052,0,0,98530.89402560833,0.0008812077558950637,4475.009765625
2022-02-17,0,0.5273604030471242,0,0,96444.68579414484,-0.021173138152195015,4380.259765625
2022-02-18,1,0.4399354320463469,0,0,95753.54760994371,-0.0071661613961429005,4348.8701171875
2022-02-22,1,0.47783133061780736,0,0,94782.32461762248,-0.010142945264832837,4304.759765625
2022-02-23,0,0.36309129814524355,0,0,93037.18081318193,-0.018412122845487655,4225.5
2022-02-24,0,0.3615511048357282,0,0,94428.72453551479,0.014956856067329438,4288.7001953125
2022-02-25,-1,0.6301926958315748,0,0,96541.34795097762,0.022372677655603246,4384.64990234375
2022-02-28,-1,0.6236635928272356,0,0,96305.53572230782,-0.002442603440647506,4373.93994140625
2022-03-01,0,0.43508055965849585,0,0,94815.35166086465,-0.015473503680411893,4306.259765625
2022-03-02,-1,0.6269135782164277,1,1,96582.96503574014,0.018642691757321028,4386.5400390625
2022-03-03,-1,0.5132506322164725,0,0,96075.45377164843,-0.005254666430088428,4363.490234375
2022-03-04,1,0.49045911229574135,0,0,95313.18703338149,-0.007934042550334364,4328.8701171875
2022-03-07,1,0.46956832636894014,1,1,92499.71728917075,-0.029518158313449172,4201.08984375
2022-03-08,-1,0.49780995921181903,1,1,91830.59713379772,-0.00723375351819977,4170.7001953125
2022-03-09,1,0.44311191335960987,0,0,94190.48258296061,0.0256982478914356,4277.8798828125
2022-03-10,1,0.5051122456604688,0,0,93786.23458395389,-0.004291813651667753,4259.52001953125
2022-03-11,1,0.49322480261270685,0,0,92570.62007243314,-0.012961545123475138,4204.31005859375
2022-03-14,1,0.5487935142286161,0,0,91883.65327259983,-0.007421002465963666,4173.10986328125
2022-03-15,1,0.5913704211746995,0,0,93850.75127877688,0.021408574170871164,4262.4501953125
2022-03-16,0,0.42546046765625567,0,0,95951.4840985933,0.022383761357182452,4357.85986328125
2022-03-17,0,0.42810983281621456,0,0,97136.2755199528,0.01234781757145198,4411.669921875
2022-03-18,0,0.4560032463262242,0,0,98269.10740355536,0.011662294827948783,4463.1201171875
2022-03-21,0,0.41981710624577057,0,0,98226.3937177477,-0.00043466036210393355,4461.18017578125
2022-03-22,0,0.5022449479286919,0,0,99336.75603091532,0.0113041136006502,4511.60986328125
2022-03-23,-1,0.3689424086685665,0,0,98117.62594545571,-0.012272698789159042,4456.240234375
2022-03-24,1,0.46649748999523377,-1,-1,99525.01662799004,0.01434391292056647,4520.16015625
2022-03-25,0,0.48552726992913675,-1,-1,99525.01662799004,0.0,4543.06005859375
2022-03-28,-1,0.4391281077046262,-1,-1,99525.01662799004,0.0,4575.52001953125
2022-03-29,-1,0.6285790944784483,-1,-1,99525.01662799004,0.0,4631.60009765625
2022-03-30,-1,0.6693889198021148,-1,-1,99525.01662799004,0.0,4602.4501953125
2022-03-31,1,0.5497328753008854,0,0,99525.01662799004,0.0,4530.41015625
2022-04-01,1,0.5040147896514015,0,0,99525.01662799004,0.0,4545.85986328125
2022-04-04,-1,0.42458410974217375,1,1,99525.01662799004,0.0,4582.64013671875
2022-04-05,1,0.504996361347298,1,1,98275.80640648027,-0.012551720801807442,4525.1201171875
2022-04-06,1,0.7465456115869513,1,1,97320.86859052646,-0.009716916613271898,4481.14990234375
2022-04-07,1,0.5448440681757485,0,0,97734.81177434183,0.004253385628492756,4500.2099609375
2022-04-08,-1,0.4854183893085209,0,0,97475.71420010945,-0.002651026482054397,4488.27978515625
2022-04-11,-1,0.5444755494523372,0,0,95830.58829350307,-0.0168772901035541,4412.52978515625
2022-04-12,1,0.7107100638035615,1,1,95503.09226824957,-0.003417447717741884,4397.4501953125
2022-04-13,1,0.47015855382204214,0,0,96570.29898357711,0.011174577597236057,4446.58984375
2022-04-14,1,0.5072658399599427,1,1,95397.53596104584,-0.012144137844397829,4392.58984375
2022-04-18,1,0.662379399574917,1,1,95377.99203155251,-0.00020486828403321056,4391.68994140625
2022-04-19,-1,0.45592314181764265,1,1,96909.5340918198,0.016057604355527166,4462.2099609375
2022-04-20,-1,0.5052214497937384,1,1,96849.5979607855,-0.0006184750715808596,4459.4501953125
2022-04-21,1,0.45626565310381534,1,1,95420.780829982,-0.014752948498371943,4393.66015625
2022-04-22,1,0.690535908847254,1,1,92773.80319310902,-0.027740054250753654,4271.77978515625
2022-04-25,1,0.7073931753428591,1,1,93302.4224775976,0.005697936985382235,4296.1201171875
2022-04-26,1,0.503989418617776,1,1,90676.30371718331,-0.028146308431003852,4175.2001953125
2022-04-27,1,0.7588369037369165,1,1,90866.5468507211,0.0020980468517017847,4183.9599609375
2022-04-28,-1,0.4789734408477355,1,1,93115.21220560897,0.02474690007293945,4287.5
2022-04-29,-1,0.5338587318878233,1,1,89736.57262661931,-0.036284507106413955,4131.93017578125
2022-05-02,1,0.7323683793401263,1,1,90245.84946542379,0.005675242812353654,4155.3798828125
2022-05-03,-1,0.5153802560701874,1,1,90682.38004469263,0.004837126381486367,4175.47998046875
2022-05-04,1,0.5156497950034532,0,0,93390.37546252305,0.02986242108440229,4300.169921875
2022-05-05,1,0.5320983015348476,1,1,90061.03579032364,-0.035649708609806874,4146.8701171875
2022-05-06,1,0.4945069671536262,1,1,89550.00922370235,-0.0056742248424840325,4123.33984375
2022-05-09,1,0.7031629446954082,1,1,86681.08656657411,-0.032037100632356874,3991.239990234375
2022-05-10,1,0.7570404336055758,1,1,86894.13978819661,0.0024578974498532524,4001.050048828125
2022-05-11,1,0.7076585184259927,1,1,85463.58353398732,-0.01646320750393826,3935.179931640625
2022-05-12,1,0.7293828554583657,1,1,85352.82576318266,-0.0012959645058717717,3930.080078125
2022-05-13,1,0.6524449193020021,1,1,87390.17171764832,0.02386969542307149,4023.889892578125
2022-05-16,1,0.7705376280624352,0,1,87045.29506274777,-0.003946400929555671,4008.010009765625
2022-05-17,1,0.8331519272789232,0,1,88800.96665193858,0.020169632234863677,4088.85009765625
2022-05-18,1,0.744368672360797,1,1,85213.82844585564,-0.04039526078745248,3923.679931640625
2022-05-19,1,0.5502252496817867,1,1,84716.70956427531,-0.005833781800992588,3900.7900390625
2022-05-20,-1,0.5226112416974646,1,1,84729.09021413069,0.00014614176965865866,3901.360107421875
2022-05-23,-1,0.5498929632188533,0,0,86301.2418663647,0.018555039930923556,3973.75
2022-05-24,1,0.6737014616956942,0,0,85600.40694705707,-0.008120797617175102,3941.47998046875
2022-05-25,-1,0.4856766347121517,1,1,86409.39625426615,0.009450764734207695,3978.72998046875
2022-05-26,1,0.47762349222855605,0,0,88127.4964152449,0.019883256167224195,4057.840087890625
2022-05-27,1,0.4105446157059798,-1,-1,90307.97010512637,0.02474226295510973,4158.240234375
2022-05-31,1,0.4144692607125421,0,0,90307.97010512637,0.0,4132.14990234375
2022-06-01,1,0.4796206277746067,0,0,90307.97010512637,0.0,4101.22998046875
2022-06-02,1,0.44174137385633394,0,0,90307.97010512637,0.0,4176.81982421875
2022-06-03,-1,0.46388636463376426,0,0,90307.97010512637,0.0,4108.5400390625
2022-06-06,1,0.6846864471931562,0,0,90307.97010512637,0.0,4121.43017578125
2022-06-07,-1,0.4362356258497495,0,0,90307.97010512637,0.0,4160.68017578125
2022-06-08,-1,0.4215204807515972,0,0,90307.97010512637,0.0,4115.77001953125
2022-06-09,1,0.6665550392654913,0,0,90307.97010512637,0.0,4017.820068359375
2022-06-10,1,0.7111775424476185,0,0,90307.97010512637,0.0,3900.860107421875
2022-06-13,1,0.6996630067005831,0,0,90307.97010512637,0.0,3749.6298828125
2022-06-14,1,0.7419333405650518,0,0,90307.97010512637,0.0,3735.47998046875
2022-06-15,1,0.6406552131818957,0,0,90307.97010512637,0.0,3789.989990234375
2022-06-16,-1,0.5078239468698953,0,0,90307.97010512637,0.0,3666.77001953125
2022-06-17,1,0.7851489783370496,0,1,90307.97010512637,0.0,3674.840087890625
2022-06-21,1,0.5373295500388852,0,0,92518.4601692124,0.024477242280086964,3764.7900390625
2022-06-22,-1,0.5061926415261466,1,1,92398.04070288518,-0.0013015723144006452,3759.889892578125
2022-06-23,-1,0.4936333438751128,0,0,93278.79891504714,0.009532217409177868,3795.72998046875
2022-06-24,1,0.46330514717553634,0,0,96129.70623162187,0.03056329358583576,3911.739990234375
2022-06-27,-1,0.45426223935410914,1,1,95843.90573847435,-0.0029730715337763503,3900.110107421875
2022-06-28,1,0.6263208036810655,1,1,93913.31848752986,-0.020143036075892073,3821.550048828125
2022-06-29,-1,0.5581320093692362,1,1,93846.47611423748,-0.0007117454091589703,3818.830078125
2022-06-30,1,0.5536492511332781,1,1,93024.44871548178,-0.008759278267998716,3785.3798828125
2022-07-01,1,0.6767594655643916,0,0,94006.21144737962,0.010553814029047315,3825.330078125
2022-07-05,1,0.6093380920936731,0,0,94155.12936744878,0.0015841285142366157,3831.389892578125
2022-07-06,1,0.4976577154596422,0,0,94491.56111346537,0.0035731642904299754,3845.080078125
2022-07-07,1,0.6181972412204009,0,0,95905.58839172084,0.014964587965241805,3902.6201171875
2022-07-08,1,0.6297158117627979,0,0,95825.96071212864,-0.0008302715298191821,3899.3798828125
2022-07-11,1,0.4826161400148967,0,0,94721.33064671901,-0.011527461422777163,3854.429931640625
2022-07-12,1,0.7336289526827942,0,0,93845.73815427742,-0.009243878717321574,3818.800048828125
2022-07-13,1,0.6333020641026559,0,0,93427.47684813742,-0.0044569025122099815,3801.780029296875
2022-07-14,1,0.4996406289364886,0,0,93147.32204866805,-0.00299863390215227,3790.3798828125
2022-07-15,-1,0.4165385602586059,0,0,94935.86700648828,0.01920124935943668,3863.159912109375
2022-07-18,-1,0.49922568775064324,0,0,94141.86408719122,-0.008363571580831342,3830.85009765625
2022-07-19,1,0.7680645035414948,0,1,96742.84296428644,0.02762829164595959,3936.68994140625
2022-07-20,0,0.5951036355029694,0,0,97313.22001698916,0.005895806193263242,3959.89990234375
2022-07-21,0,0.6753634237538544,0,0,98272.8619491088,0.00986137270919718,3998.949951171875
2022-07-22,1,0.5041317549601669,0,0,97355.73371029766,-0.00933246697634682,3961.6298828125
2022-07-25,1,0.7697751674666042,0,1,97483.7727632043,0.001315167047968968,3966.840087890625
2022-07-26,1,0.4096845645827054,0,0,96358.49781793656,-0.01154320266205866,3921.050048828125
2022-07-27,1,0.6684917231947596,0,0,98878.87706817512,0.026156273782937722,4023.610107421875
2022-07-28,-1,0.39400193835942054,0,0,100078.6079736402,0.012133338697180918,4072.429931640625
2022-07-29,0,0.5964843958463871,0,0,100078.6079736402,0.0,4130.2900390625
2022-08-01,1,0.3960258830075226,1,1,100078.6079736402,0.0,4118.6298828125
2022-08-02,1,0.4872071999150537,1,1,99411.84470115587,-0.006662395550705025,4091.18994140625
2022-08-03,1,0.7723056329361002,1,1,100966.49456426053,0.015638477163140152,4155.169921875
2022-08-04,-1,0.5878021550740353,1,1,100888.00925281181,-0.0007773401640557287,4151.93994140625
2022-08-05,1,0.551870179306782,1,1,100723.9909692945,-0.0016257460597355333,4145.18994140625
2022-08-08,-1,0.5877814957765477,1,1,100599.33992136097,-0.0012375507238541195,4140.06005859375
2022-08-09,1,0.47502029680215196,1,1,100171.92422073682,-0.004248692893594086,4122.47021484375
2022-08-10,1,0.5226039705831245,1,1,102304.64836115131,0.021290637641290244,4210.240234375
2022-08-11,-1,0.6539132928904836,1,1,102232.47509591434,-0.000705473958350189,4207.27001953125
2022-08-12,1,0.4363974439596974,1,1,104003.3837302625,0.017322368774566943,4280.14990234375
2022-08-15,1,0.45516144160442285,1,1,104416.22951970615,0.0039695418998517695,4297.14013671875
2022-08-16,0,0.36915388564069707,1,1,104612.08092349813,0.0018756797165810912,4305.2001953125
2022-08-17,-1,0.4952035780692189,1,1,103854.9201320527,-0.00723779495409449,4274.0400390625
2022-08-18,-1,0.5503959076699099,1,1,104090.62522611774,0.002269561170191503,4283.740234375
2022-08-19,1,0.420070846258406,1,1,102747.85604205335,-0.012900001139847905,4228.47998046875
2022-08-22,1,0.6647279286566536,0,0,100549.04525239179,-0.0214000649197158,4137.990234375
2022-08-23,1,0.7323443357685278,0,0,100324.03029674175,-0.0022378626777134203,4128.72998046875
2022-08-24,1,0.4942714164202907,0,0,100616.59126570661,0.0029161604463008306,4140.77001953125
2022-08-25,1,0.3949282017478696,0,0,102034.44057839498,0.014091605518061545,4199.1201171875
2022-08-26,-1,0.42093470429232255,1,1,98597.09835277675,-0.033688058719518854,4057.659912109375
2022-08-29,1,0.7696893486329388,1,1,97939.81501435858,-0.006666355799502699,4030.610107421875
2022-08-30,1,0.5957704287438159,1,1,96859.71949774137,-0.011028155571448206,3986.159912109375
2022-08-31,1,0.5060288412553162,1,1,96102.5646386702,-0.007817025105971265,3955.0
2022-09-01,1,0.6406325561454969,1,1,96390.51022046144,0.0029962320243364093,3966.85009765625
2022-09-02,1,0.5055984867734011,1,1,95355.61346332479,-0.010736500458081055,3924.260009765625
2022-09-06,1,0.6071425981389563,1,1,94965.12679246394,-0.004095056983834833,3908.18994140625
2022-09-07,1,0.5539404000754353,1,1,96706.88373970258,0.018341016392734,3979.8701171875
2022-09-08,1,0.4888737023814226,1,1,97346.18605174123,0.006610721877456038,4006.179931640625
2022-09-09,1,0.4936106604522304,1,1,98832.8034468418,0.015271449816332883,4067.360107421875
2022-09-12,-1,0.4641308001959567,0,0,99878.87679708272,0.010584272769349923,4110.41015625
2022-09-13,-1,0.5070330388112432,1,1,95560.45241411941,-0.0432366134006168,3932.68994140625
2022-09-14,-1,0.5259526314676636,1,1,95884.11682132506,0.0033870120853241037,3946.010009765625
2022-09-15,1,0.4748486288031055,1,1,94798.92539521924,-0.011317739184353415,3901.35009765625
2022-09-16,1,0.5182869559788786,1,1,94118.06680149515,-0.007182134089448455,3873.330078125
2022-09-19,1,0.6021374154782737,1,1,94763.44386477518,0.006857100716286535,3899.889892578125
2022-09-20,1,0.5639805474143662,1,1,93695.26055567038,-0.011272103097361819,3855.929931640625
2022-09-21,1,0.6857843588526367,1,1,92091.52622794542,-0.017116493600784377,3789.929931640625
2022-09-22,1,0.7313563993996545,1,1,91315.41743311622,-0.00842758097968932,3757.989990234375
2022-09-23,1,0.5748389852904676,1,1,89741.81363425354,-0.017232619015461026,3693.22998046875
2022-09-26,1,0.6921388865826135,1,1,88813.83605838977,-0.010340526208282186,3655.0400390625
2022-09-27,-1,0.512915712117022,1,1,88625.51876990692,-0.0021203598092424114,3647.2900390625
2022-09-28,1,0.474193912863694,1,1,90368.97237618368,0.019672139926234733,3719.0400390625
2022-09-29,-1,0.47435774737316494,1,1,88459.79789497722,-0.021126437880238713,3640.469970703125
2022-09-30,1,0.7358988520484624,1,1,87127.00103204246,-0.015066695771983385,3585.6201171875
2022-10-03,1,0.6428461768804605,0,0,89382.18717428885,0.025883894952576147,3678.429931640625
2022-10-04,1,0.428859852419728,0,0,92115.82523291094,0.030583700679551518,3790.929931640625
2022-10-05,1,0.6227211239031902,0,0,91929.94021787435,-0.00201794875708472,3783.280029296875
2022-10-06,1,0.6658036935509275,0,0,90988.11054811544,-0.010245080846640109,3744.52001953125
2022-10-07,1,0.7035643027369554,1,1,88440.11427718532,-0.028003617786773516,3639.659912109375
2022-10-10,-1,0.6403894506408055,1,1,87777.47993718537,-0.007492463633901991,3612.389892578125
2022-10-11,-1,0.4877239794610455,1,1,87205.24311614656,-0.006519175777754294,3588.840087890625
2022-10-12,1,0.6047919115673689,1,1,86918.27044373383,-0.0032907731480150693,3577.030029296875
2022-10-13,1,0.5504526266697687,0,0,89175.15917739259,0.02596564246086497,3669.909912109375
2022-10-14,1,0.4595551308093051,1,1,87065.03738290552,-0.02366266361565439,3583.070068359375
2022-10-17,1,0.6218180629637875,0,0,89370.52412649534,0.026480052302171098,3677.949951171875
2022-10-18,1,0.5067351901942048,0,0,90391.81201708147,0.011427569666488724,3719.97998046875
2022-10-19,1,0.6869252837431654,0,0,89788.70905277222,-0.006672097293450419,3695.159912109375
2022-10-20,1,0.7140633759622688,0,0,89074.8071344246,-0.007950909706564868,3665.780029296875
2022-10-21,1,0.6218688563076499,0,0,91188.09088439182,0.02372481982226482,3752.75
2022-10-24,1,0.6785586404745415,0,0,92271.58565145952,0.011881976654619875,3797.340087890625
2022-10-25,1,0.4593952704253069,0,0,93772.53566277023,0.016266654579669693,3859.110107421875
2022-10-26,1,0.5102517165336127,0,0,93079.77079390801,-0.007387716072364436,3830.60009765625
2022-10-27,1,0.5767565597393558,0,0,92513.60279173631,-0.006082610618211359,3807.300048828125
2022-10-28,1,0.5435420637897083,0,0,94791.87773459936,0.024626377895927698,3901.06005859375
2022-10-31,-1,0.45455037665292275,0,0,94085.26077184199,-0.00745440410765752,3871.97998046875
2022-11-01,1,0.6999829126385542,0,0,93699.39542052902,-0.004101230608784645,3856.10009765625
2022-11-02,1,0.5186605604736647,0,0,91356.72455508276,-0.02500198485734295,3759.68994140625
2022-11-03,1,0.6963348457453366,0,0,90389.62297097984,-0.010585992315429671,3719.889892578125
2022-11-04,1,0.7062641520865169,0,0,91620.61435925309,0.013618724670070526,3770.550048828125
2022-11-07,-1,0.5605684601103478,0,0,92501.45328925355,0.009613981920560066,3806.800048828125
2022-11-08,-1,0.46505821591841523,0,0,93019.2665088388,0.005597892802462701,3828.110107421875
2022-11-09,-1,0.3835846446739337,0,0,91086.52270470069,-0.02077788695478977,3748.570068359375
2022-11-10,-1,0.41602105712516413,0,0,96135.85712301263,0.05543448436034493,3956.3701171875
2022-11-11,0,0.5716466865685443,0,0,97024.22423594796,0.009240746788147902,3992.929931640625
2022-11-14,0,0.6096918099274573,0,0,96157.23739984265,-0.008935777048800997,3957.25
2022-11-15,1,0.3742863349873341,0,0,96995.06661646417,0.008713116550318922,3991.72998046875
2022-11-16,0,0.6235947983781173,0,0,96194.65881666944,-0.008252046497990273,3958.7900390625
2022-11-17,1,0.6171174270047208,0,0,95897.48246053095,-0.0030893228355314273,3946.56005859375
2022-11-18,-1,0.5093570518677363,0,0,96353.81848566851,0.00475858190881473,3965.340087890625
2022-11-21,-1,0.4625748618897699,0,0,95979.6102497748,-0.003883688698329668,3949.93994140625
2022-11-22,-1,0.41024845521386055,0,0,97283.0121982554,0.013579987927526016,4003.580078125
2022-11-23,-1,0.5445436318870488,0,0,97858.41097477435,0.0059146891478476515,4027.260009765625
2022-11-25,1,0.48393963089214787,1,1,97830.71271935833,-0.00028304419763325317,4026.1201171875
2022-11-28,-1,0.5034053096828391,1,1,96319.79631929222,-0.015444192913123267,3963.93994140625
2022-11-29,1,0.75692578847967,1,1,96166.4681741899,-0.0015918653377759995,3957.6298828125
2022-11-30,1,0.4887933300358177,1,1,99142.6157601523,0.030947872397389053,4080.110107421875
2022-12-01,-1,0.526841271541163,1,1,99056.59633339445,-0.0008676332180497237,4076.570068359375
2022-12-02,0,0.5003889862817386,1,1,98938.25733167268,-0.001194660488065602,4071.699951171875
2022-12-05,1,0.35250740579276607,1,1,97167.83515201377,-0.017894212283564803,3998.840087890625
2022-12-06,1,0.681197047275836,0,0,95768.6965477388,-0.014399194981406072,3941.260009765625
2022-12-07,1,0.5873263807873114,0,0,95590.33971563708,-0.0018623708845491027,3933.919921875
2022-12-08,-1,0.5699492488031189,0,0,96309.34940822184,0.00752178195750397,3963.510009765625
2022-12-09,1,0.541518619379219,1,1,95601.51630874134,-0.007349578247904498,3934.3798828125
2022-12-12,1,0.6026221961989926,0,0,96966.63867901427,0.014279296218109305,3990.56005859375
2022-12-13,1,0.5548208994025515,0,0,97673.492936742,0.0072896644387931975,4019.64990234375
2022-12-14,1,0.35249757126212955,0,0,97082.30217994515,-0.006052724634100337,3995.320068359375
2022-12-15,1,0.6201826348661468,1,1,94662.84859446257,-0.024921675023713896,3895.75
2022-12-16,1,0.6166977562391545,0,0,93608.51737925291,-0.011137750774080746,3852.360107421875
2022-12-19,1,0.6284610387397944,1,1,93608.51737925291,0.0,3817.659912109375
2022-12-20,-1,0.6467008070206408,1,1,93705.62108529682,0.0010373383615349674,3821.6201171875
2022-12-21,1,0.5316330505402065,1,1,95098.83567887441,0.014867993802734514,3878.43994140625
2022-12-22,-1,0.4938183018401304,1,1,93724.4958763181,-0.01445169956861636,3822.389892578125
2022-12-23,1,0.6630079006303873,1,1,94274.4808272507,0.005868102525282026,3844.820068359375
2022-12-27,-1,0.4678954152799294,1,1,93892.70480524529,-0.004049622110409601,3829.25
2022-12-28,-1,0.5070853507378772,1,1,92764.05455964933,-0.012020638322615462,3783.219970703125
2022-12-29,1,0.5837364650937107,0,0,94383.83848103347,0.01746133164481911,3849.280029296875
2022-12-30,1,0.5018572550266278,0,0,94144.03345295796,-0.0025407424823445934,3839.5
2023-01-03,-1,0.5026933021689075,0,0,93767.40564543978,-0.004000548879248611,3824.139892578125
2023-01-04,-1,0.531503944312469,0,0,94474.31535749901,0.007538970575044601,3852.969970703125
2023-01-05,-1,0.5722412476539718,0,0,93374.11199009311,-0.011645528874622113,3808.10009765625
2023-01-06,1,0.5342537560360748,0,0,95506.8496358771,0.02284078102943843,3895.080078125
2023-01-09,1,0.47411173944620133,0,0,95433.53546980103,-0.0007676325452632415,3892.090087890625
2023-01-10,1,0.448032069893489,0,0,96099.49293150293,0.006978233159062208,3919.25
2023-01-11,1,0.44880310462905576,-1,-1,97334.31612145463,0.012849424614881588,3969.610107421875
2023-01-12,-1,0.4076118696568423,-1,-1,97334.31612145463,0.0,3983.169921875
2023-01-13,1,0.38875198619740703,-1,-1,97334.31612145463,0.0,3999.090087890625
2023-01-17,0,0.4628025566442693,-1,-1,97334.31612145463,0.0,3990.969970703125
2023-01-18,-1,0.3807242085039677,0,0,97334.31612145463,0.0,3928.860107421875
2023-01-19,1,0.6757605254803571,0,0,97334.31612145463,0.0,3898.85009765625
2023-01-20,1,0.5692404582229165,-1,-1,97334.31612145463,0.0,3972.610107421875
2023-01-23,1,0.49285159059777994,-1,-1,97334.31612145463,0.0,4019.81005859375
2023-01-24,0,0.392685268975304,-1,-1,97334.31612145463,0.0,4016.949951171875
2023-01-25,0,0.5058939524737883,-1,-1,97334.31612145463,0.0,4016.219970703125
2023-01-26,0,0.4005871534493991,-1,-1,97334.31612145463,0.0,4060.429931640625
2023-01-27,0,0.5598819701415971,-1,-1,97334.31612145463,0.0,4070.56005859375
2023-01-30,0,0.38542711563749077,1,1,97334.31612145463,0.0,4017.77001953125
2023-01-31,1,0.6039565656387036,1,1,98759.53095302348,0.014642470285510134,4076.60009765625
2023-02-01,0,0.48185785516821134,1,1,99791.79558796967,0.010452303944590513,4119.2099609375
2023-02-02,0,0.43311013979137636,1,1,101258.67243803713,0.014699373244310143,4179.759765625
2023-02-03,0,0.5363496382339054,1,1,100210.17830582232,-0.010354610691310495,4136.47998046875
2023-02-06,1,0.535299702781501,1,1,99594.84141193284,-0.006140463017754505,4111.080078125
2023-02-07,1,0.3963193360560411,1,1,100876.87706351672,0.01287251059802652,4164.0
2023-02-08,0,0.4290049219665795,1,1,99759.08818275995,-0.011080724476164705,4117.85986328125
2023-02-09,-1,0.45378782636521037,1,1,98878.23576722947,-0.00882979617773516,4081.5
2023-02-10,-1,0.49170598931693493,0,0,99095.29937865745,0.0021952617756952897,4090.4599609375
2023-02-13,-1,0.4574302052283816,-1,-1,100229.80274894815,0.011448609342765925,4137.2900390625
2023-02-14,-1,0.45674470423650715,0,0,100229.80274894815,0.0,4136.1298828125
2023-02-15,-1,0.3734597016615622,0,0,100229.80274894815,0.0,4147.60009765625
2023-02-16,-1,0.35261228635610553,0,0,100229.80274894815,0.0,4090.409912109375
2023-02-17,1,0.5914178854689998,0,0,100229.80274894815,0.0,4079.090087890625
2023-02-21,1,0.5333753791808642,1,1,100229.80274894815,0.0,3997.340087890625
2023-02-22,1,0.6273691592316213,1,1,100072.08552683152,-0.001573556145886723,3991.050048828125
2023-02-23,1,0.5527602297324266,1,1,100605.41264316613,0.005329429416074394,4012.320068359375
2023-02-24,1,0.5028759298626125,1,1,99545.27792771294,-0.010537551485558128,3970.0400390625
2023-02-27,-1,0.5147188157261912,1,1,99851.18102142472,0.0030730045671671924,3982.239990234375
2023-02-28,-1,0.5075842164929157,1,1,99548.0326532972,-0.0030360018281855305,3970.14990234375
2023-03-01,-1,0.47030841651204613,1,1,99077.64183414396,-0.004725264845680144,3951.389892578125
2023-03-02,-1,0.6078833353278124,1,1,99828.86774419234,0.0075821940867943916,3981.35009765625
2023-03-03,-1,0.3851107230973605,0,0,101440.87806158072,0.01614773716074902,4045.639892578125
2023-03-06,-1,0.5645709745145416,0,0,101510.58486208694,0.0006871667698291617,4048.419921875
2023-03-07,-1,0.4875094567880328,0,0,99954.7403385551,-0.01532691911533779,3986.3701171875
2023-03-08,1,0.4348117846442835,0,0,100096.1557068254,0.0014147940136837178,3992.010009765625
2023-03-09,-1,0.4734373420544577,1,1,98248.44494683664,-0.01845935787384867,3918.320068359375
2023-03-10,1,0.5712538755799763,1,1,96825.99035770634,-0.014478138457051482,3861.590087890625
2023-03-13,-1,0.5558454125027485,1,1,96679.80625336908,-0.001509761003189336,3855.760009765625
2023-03-14,-1,0.6823400057389992,0,0,98272.76611293931,0.016476655480623936,3919.2900390625
2023-03-15,-1,0.7117075199492359,0,0,97586.73537505139,-0.00698088356543769,3891.929931640625
2023-03-16,-1,0.4774320785194871,0,0,99300.55422842105,0.01756200621716686,3960.280029296875
2023-03-17,1,0.5218237010546591,0,0,98206.31601023492,-0.011019457310067482,3916.639892578125
2023-03-20,1,0.7062877372390453,0,0,99082.15958410212,0.008918403718309875,3951.570068359375
2023-03-21,1,0.4699813021928213,0,0,100368.46339163421,0.012982193897784988,4002.8701171875
2023-03-22,1,0.480124410145073,0,0,98716.07491879321,-0.016463223775713742,3936.969970703125
2023-03-23,1,0.6424020691572541,0,0,99010.6958808344,0.0029845287333756243,3948.719970703125
2023-03-24,1,0.4604505740383017,0,0,99569.09712159805,0.005639807253104534,3970.989990234375
2023-03-27,1,0.453691678469332,0,0,99733.08287482194,0.0016469543057482383,3977.530029296875
2023-03-28,-1,0.45191264843189594,0,0,99576.11861103168,-0.0015738434957160985,3971.27001953125
2023-03-29,1,0.49043899279699255,0,0,100993.81058570743,0.014237268879836451,4027.81005859375
2023-03-30,1,0.44065923866725176,0,0,101571.01741979286,0.005715269388667954,4050.830078125
2023-03-31,0,0.5676131281364987,0,0,103037.35172667395,0.014436542471763625,4109.31005859375
2023-04-03,0,0.4455744411715222,0,0,103418.47107206043,0.0036988464765426166,4124.509765625
2023-04-04,0,0.46742980766973,0,0,102818.95708235503,-0.005796972083329965,4100.60009765625
2023-04-05,1,0.3585866774244967,-1,-1,102562.69414367135,-0.002492370531228194,4090.3798828125
2023-04-06,0,0.39406887626841514,-1,-1,102562.69414367135,0.0,4105.02001953125
2023-04-10,0,0.3381879657643303,-1,-1,102562.69414367135,0.0,4109.10986328125
2023-04-11,-1,0.3832971707445484,-1,-1,102562.69414367135,0.0,4108.93994140625
2023-04-12,1,0.37836034127561835,0,0,102562.69414367135,0.0,4091.949951171875
2023-04-13,1,0.4704171942967377,1,1,102562.69414367135,0.0,4146.22021484375
2023-04-14,1,0.40701891250661315,1,1,102350.45362511116,-0.0020693734728037816,4137.64013671875
2023-04-17,0,0.43399279262977564,1,1,102688.84028388547,0.00330615690296554,4151.31982421875
2023-04-18,0,0.4332065414587976,1,1,102776.66186426625,0.0008552202959737354,4154.8701171875
2023-04-19,1,0.5184004879605155,1,1,102768.00169742084,-8.426199769795417e-05,4154.52001953125
2023-04-20,1,0.3799556126092603,1,1,102156.27021873214,-0.00595254815297297,4129.7900390625
2023-04-21,1,0.499800321930266,1,1,102248.53662672674,0.0009031888869575067,4133.52001953125
2023-04-24,1,0.4344293460232992,1,1,102335.60935028129,0.0008515791660903549,4137.0400390625
2023-04-25,1,0.5073039274102079,0,0,100717.59547216138,-0.015810858882773227,4071.6298828125
2023-04-26,1,0.6833162869397807,1,1,100330.72033388786,-0.003841187197329954,4055.989990234375
2023-04-27,-1,0.4914871658447402,0,0,102293.8062297067,0.01956614972249704,4135.35009765625
2023-04-28,1,0.4643583389368119,0,0,103138.05775294367,0.008253202753460531,4169.47998046875
2023-05-01,-1,0.4963855472940362,0,0,103098.23547945784,-0.0003861064902076494,4167.8701171875
2023-05-02,1,0.407963060147956,0,0,101903.71221491393,-0.011586262936400304,4119.580078125
2023-05-03,1,0.6984600215037833,1,1,101190.558949613,-0.006998305064656485,4090.75
2023-05-04,1,0.5003161875172605,1,1,100460.09138978919,-0.007218732334382527,4061.219970703125
2023-05-05,1,0.47358256498870066,0,0,102316.06660278354,0.018474751389515376,4136.25
2023-05-08,-1,0.58928225952495,0,0,102362.32662930788,0.00045212866424915177,4138.1201171875
2023-05-09,-1,0.4026925614881949,0,0,101893.56641275193,-0.004579421277258633,4119.169921875
2023-05-10,1,0.5392392421965885,0,0,102350.45362511116,0.004483965263404999,4137.64013671875
2023-05-11,-1,0.3583862775049683,0,0,102176.80338977427,-0.0016966239932157956,4130.6201171875
2023-05-12,1,0.5072335806778199,0,0,102015.0261586341,-0.0015833068345566526,4124.080078125
2023-05-15,1,0.48447846056375604,0,0,102316.80338127387,0.0029581644391338813,4136.27978515625
2023-05-16,1,0.4947143692642036,0,0,101664.25920555496,-0.00637768337315292,4109.89990234375
2023-05-17,1,0.6726483558590082,0,0,102873.13153315656,0.011890829058788244,4158.77001953125
2023-05-18,-1,0.35638372078011893,0,0,103844.7732652061,0.009445048649426635,4198.0498046875
2023-05-19,1,0.3514907815162927,0,0,103694.62747154449,-0.0014458676054706077,4191.97998046875
2023-05-22,-1,0.40498950110195725,0,0,103710.70373663687,0.00015503469643873835,4192.6298828125
2023-05-23,0,0.35989719509649354,0,0,102546.85944529709,-0.011222026747550129,4145.580078125
2023-05-24,1,0.6173642372219579,0,0,101796.3599653713,-0.007318600335353365,4115.240234375
2023-05-25,1,0.4719268711240896,0,0,102687.84986034108,0.008757581265902203,4151.27978515625
2023-05-26,-1,0.3500206282061912,0,0,104027.83252421464,0.01304908677799732,4205.4501953125
2023-05-30,-1,0.46667002930760065,0,0,104029.55972624935,1.660326849850513e-05,4205.52001953125
2023-05-31,1,0.34901715780065456,1,1,103394.08223916723,-0.006108624209833935,4179.830078125
2023-06-01,1,0.6449541578340551,1,1,104412.97442128547,0.009854453563032495,4221.02001953125
2023-06-02,1,0.45086067568715515,1,1,105930.55693633755,0.014534424705965554,4282.3701171875
2023-06-05,1,0.355681076647653,1,1,105718.31641777736,-0.0020035816359178504,4273.7900390625
2023-06-06,0,0.4149469488614961,1,1,105967.16637247209,0.0023538963079143826,4283.85009765625
2023-06-07,1,0.39958226396301166,1,1,105563.21850639384,-0.0038120096998571773,4267.52001953125
2023-06-08,1,0.36050545170521425,1,1,106216.511538939,0.0061886426142414575,4293.93017578125
2023-06-09,1,0.35718737178057625,1,1,106338.45441825743,0.001148059539441082,4298.85986328125
2023-06-12,-1,0.3667267701181183,1,1,107329.65097614063,0.009321148810237156,4338.93017578125
2023-06-13,1,0.39443700025663586,1,1,108073.71270302791,0.006932489951473775,4369.009765625
2023-06-14,1,0.47040871118006466,1,1,108162.27106189904,0.0008194255259321714,4372.58984375
2023-06-15,1,0.510812022461564,1,1,109479.48606258763,0.01217813742034668,4425.83984375
2023-06-16,1,0.45232426167663337,1,1,109077.51904359815,-0.0036716195284264286,4409.58984375
2023-06-20,1,0.4612849024005831,1,1,108561.02524353721,-0.0047351076976227535,4388.7099609375
2023-06-21,1,0.40974706020876817,1,1,107991.5920971953,-0.005245281583003525,4365.68994140625
2023-06-22,-1,0.38772345495215155,1,1,108392.32712592225,0.003710798414438443,4381.89013671875
2023-06-23,-1,0.48367236949470527,1,1,107562.1710206889,-0.007658808766684566,4348.330078125
2023-06-26,1,0.47488378765191064,0,0,107079.55695284747,-0.004486838293256468,4328.81982421875
2023-06-27,1,0.44349321030910643,0,0,108306.24482591209,0.011455854954693034,4378.41015625
2023-06-28,1,0.3980342404738254,0,0,108267.89610940694,-0.00035407668843834283,4376.85986328125
2023-06-29,1,0.4461766405338117,-1,-1,108752.23737928308,0.004473544672805918,4396.43994140625
2023-06-30,1,0.45309194285936033,-1,-1,108752.23737928308,0.0,4450.3798828125
2023-07-03,1,0.42790977618206805,1,1,108752.23737928308,0.0,4455.58984375
2023-07-05,-1,0.40822634956183057,1,1,108538.17834796956,-0.0019683184132291975,4446.81982421875
2023-07-06,1,0.4123149530885329,0,0,107678.2833995646,-0.007922511336500904,4411.58984375
2023-07-07,1,0.6135808111647517,0,0,107369.7742917988,-0.0028651005386203243,4398.9501953125
2023-07-10,1,0.46555313649325175,0,0,107628.0013967189,0.002405026057131332,4409.52978515625
2023-07-11,1,0.4142017288774914,0,0,108353.65209765904,0.0067422110558885695,4439.259765625
2023-07-12,1,0.42308058685246674,-1,-1,109156.6863123411,0.007411233485312474,4472.16015625
2023-07-13,0,0.45960026738956167,1,1,109156.6863123411,0.0,4510.0400390625
2023-07-14,0,0.4735788081587717,1,1,109044.86542423496,-0.0010244071333035398,4505.419921875
2023-07-17,0,0.45813391924588687,1,1,109465.27509169297,0.0038553825145495324,4522.7900390625
2023-07-18,0,0.515604195638162,1,1,110244.36958000378,0.007117275205842377,4554.97998046875
2023-07-19,-1,0.37280447527395966,1,1,110504.31591849274,0.002357910335732072,4565.72021484375
2023-07-20,-1,0.3475213442040715,1,1,109757.64972409053,-0.006756896218903741,4534.8701171875
2023-07-21,1,0.3913136875121077,1,1,109793.22157710252,0.0003240945218980773,4536.33984375
2023-07-24,-1,0.4188497735323027,1,1,110236.14432761296,0.004034153877153335,4554.64013671875
2023-07-25,0,0.43461870722061424,1,1,110546.42306543018,0.002814673351556163,4567.4599609375
2023-07-26,0,0.43163163634014967,1,1,110529.23985138386,-0.00015543889679858758,4566.75
2023-07-27,0,0.4370985912605301,0,0,109819.12639497704,-0.006424666064487772,4537.41015625
2023-07-28,1,0.5344080937403075,-1,-1,110903.90246136366,0.009877842794752345,4582.22998046875
2023-07-31,1,0.35499630285979383,-1,-1,110903.90246136366,0.0,4588.9599609375
2023-08-01,-1,0.39079393037401877,-1,-1,110903.90246136366,0.0,4576.72998046875
2023-08-02,1,0.40156800517571256,0,0,110903.90246136366,0.0,4513.39013671875
2023-08-03,1,0.6834978800707903,0,0,110903.90246136366,0.0,4501.89013671875
2023-08-04,1,0.4864024344069642,0,0,110903.90246136366,0.0,4478.02978515625
2023-08-07,1,0.6943805764890949,0,0,110903.90246136366,0.0,4518.43994140625
2023-08-08,1,0.4635919028765784,1,1,110903.90246136366,0.0,4499.3798828125
2023-08-09,1,0.5120842160147648,1,1,110123.27979378209,-0.007038730380596991,4467.7099609375
2023-08-10,1,0.4790557904190535,1,1,110150.88923564814,0.00025071394456976925,4468.830078125
2023-08-11,1,0.4242633743135942,1,1,110033.0616698815,-0.0010696923700231897,4464.0498046875
2023-08-14,1,0.3881874170145462,1,1,110665.80412289979,0.005750475751703066,4489.72021484375
2023-08-15,1,0.499636728664812,1,1,109387.51344260624,-0.011550909428841627,4437.85986328125
2023-08-16,1,0.506661338130518,1,1,108561.04754744498,-0.007555395210577687,4404.330078125
2023-08-17,1,0.48235542435448364,1,1,107723.72562937038,-0.007712913029036983,4370.35986328125
2023-08-18,1,0.6465706188956962,1,1,107707.70637604705,-0.00014870682600087726,4369.7099609375
2023-08-21,1,0.5066016391383644,1,1,108448.647993135,0.006879188518795987,4399.77001953125
2023-08-22,1,0.4140481265869689,1,1,108147.43548154752,-0.002777466728829503,4387.5498046875
2023-08-23,0,0.46141627077053043,0,0,109341.91092506898,0.011044879965972587,4436.009765625
2023-08-24,0,0.3923409424637546,1,1,107870.39025821943,-0.013457974663146022,4376.31005859375
2023-08-25,1,0.4227358508195621,0,0,108595.05987643951,0.006717966037625089,4405.7099609375
2023-08-28,-1,0.3707460030507296,0,0,109275.36663384082,0.006264619755036449,4433.31005859375
2023-08-29,1,0.42456517528502635,0,0,110860.76722176126,0.01450830719454621,4497.6298828125
2023-08-30,-1,0.4564974558796615,0,0,111285.71673065689,0.003833182103508026,4514.8701171875
2023-08-31,1,0.5029769224529055,0,0,111108.00050633511,-0.0015969365120943602,4507.66015625
2023-09-01,1,0.4355509790945733,0,0,111307.89816106627,0.0017991292600010311,4515.77001953125
2023-09-05,1,0.3667353378279117,0,0,110841.05306928672,-0.004194177587506065,4496.830078125
2023-09-06,1,0.4365714546702604,0,0,110068.31365559452,-0.006971599351452862,4465.47998046875
2023-09-07,1,0.640305188056924,0,0,109714.85502929887,-0.0032112659361861473,4451.14013671875
2023-09-08,1,0.5055094602135538,0,0,109871.37673438518,0.0014266227216406246,4457.490234375
2023-09-11,-1,0.39155851719678203,0,0,110610.09178358072,0.006723453106275201,4487.4599609375
2023-09-12,-1,0.4114713880652255,0,0,109980.06935404181,-0.005695885604828921,4461.89990234375
2023-09-13,1,0.5605563271028161,0,0,110116.62416110905,0.0012416323054647016,4467.43994140625
2023-09-14,-1,0.35885125557017095,0,0,111044.89836871362,0.00842991886716793,4505.10009765625
2023-09-15,0,0.5135908988068232,0,0,109694.63538573524,-0.012159612938677955,4450.31982421875
2023-09-18,1,0.5832959241567355,0,0,109773.75677668006,0.0007212876971294246,4453.52978515625
2023-09-19,-1,0.43148444748032283,0,0,109537.63226056407,-0.002151010615372817,4443.9501953125
2023-09-20,1,0.39292181231502576,0,0,108508.54868719226,-0.0093947947580596,4402.2001953125
2023-09-21,1,0.43231190862627245,0,0,106728.90713053764,-0.01640093410321941,4330.0
2023-09-22,1,0.6418775674632349,0,0,106483.9004138562,-0.002295598477193961,4320.06005859375
2023-09-25,1,0.44599658155695165,1,1,106912.2920763585,0.0040230650909416354,4337.43994140625
2023-09-26,1,0.5980949017156347,1,1,105336.98927471777,-0.014734533990868215,4273.52978515625
2023-09-27,1,0.7725809385924928,1,1,105361.14452747503,0.00022931406074522265,4274.509765625
2023-09-28,1,0.4748692533189771,1,1,105982.05608190817,0.005893173970516585,4299.7001953125
2023-09-29,1,0.38642501348266955,1,1,105694.88900129613,-0.002709582086142026,4288.0498046875
2023-10-02,1,0.508494422953106,1,1,105703.27774627462,7.936755559079245e-05,4288.39013671875
2023-10-03,1,0.4754311375453306,1,1,104250.48432072566,-0.013744071674259506,4229.4501953125
2023-10-04,1,0.6919906526836714,1,1,105095.93020273208,0.008109754957160709,4263.75
2023-10-05,1,0.602521379524318,1,1,104958.88194007787,-0.001304030159777203,4258.18994140625
2023-10-06,1,0.4165326582644504,0,0,106198.9599011366,0.011814893014644445,4308.5
2023-10-09,-1,0.4575288626719209,1,1,106868.4226711267,0.00630385429964031,4335.66015625
2023-10-10,-1,0.47206406356958164,0,0,107424.99243121986,0.005207990781392224,4358.240234375
2023-10-11,1,0.48643451547834304,0,0,107886.16880150033,0.00429300817103373,4376.9501953125
2023-10-12,1,0.3946085565992025,0,0,107212.2649312275,-0.00624643434611849,4349.60986328125
2023-10-13,1,0.6829192039932729,0,0,106674.18170239251,-0.005018858888767519,4327.77978515625
2023-10-16,1,0.5689489821615761,0,0,107804.3273870761,0.01059436938392988,4373.6298828125
2023-10-17,1,0.6064630353232465,-1,-1,107793.73614520945,-9.824505308242415e-05,4373.2001953125
2023-10-18,1,0.5360735749390065,0,0,107793.73614520945,0.0,4314.60009765625
2023-10-19,1,0.727526182491667,0,0,107793.73614520945,0.0,4278.0
2023-10-20,1,0.726179511232776,0,0,107793.73614520945,0.0,4224.16015625
2023-10-23,1,0.7394423045661136,0,0,107793.73614520945,0.0,4217.0400390625
2023-10-24,1,0.46341655110418006,0,0,107793.73614520945,0.0,4247.68017578125
2023-10-25,1,0.5199824270847799,0,0,107793.73614520945,0.0,4186.77001953125
2023-10-26,1,0.5793985675374926,0,0,107793.73614520945,0.0,4137.22998046875
2023-10-27,-1,0.46910295899966203,0,0,107793.73614520945,0.0,4117.3701171875
2023-10-30,1,0.5249785709210517,0,0,107793.73614520945,0.0,4166.81982421875
2023-10-31,1,0.5093485695853219,0,0,107793.73614520945,0.0,4193.7998046875
2023-11-01,-1,0.45402362642363286,0,0,107793.73614520945,0.0,4237.85986328125
2023-11-02,-1,0.5222429402618989,0,0,107793.73614520945,0.0,4317.77978515625
2023-11-03,-1,0.5489959153434096,0,0,107793.73614520945,0.0,4358.33984375
2023-11-06,-1,0.5768696129301278,0,0,107793.73614520945,0.0,4365.97998046875
2023-11-07,-1,0.5014696822376064,0,0,107793.73614520945,0.0,4378.3798828125
2023-11-08,-1,0.4577638571328909,-1,-1,107793.73614520945,0.0,4382.77978515625
2023-11-09,1,0.42281516036842426,0,0,107793.73614520945,0.0,4347.35009765625
2023-11-10,1,0.6325222136624971,-1,-1,107793.73614520945,0.0,4415.240234375
2023-11-13,-1,0.43170856671893515,-1,-1,107793.73614520945,0.0,4411.5498046875
2023-11-14,1,0.42496699044955233,-1,-1,107793.73614520945,0.0,4495.7001953125
2023-11-15,0,0.41219293754864184,-1,-1,107793.73614520945,0.0,4502.8798828125
2023-11-16,-1,0.5229625820048889,-1,-1,107793.73614520945,0.0,4508.240234375
2023-11-17,1,0.5711300742912786,-1,-1,107793.73614520945,0.0,4514.02001953125
2023-11-20,1,0.5642805556846111,1,1,107793.73614520945,0.0,4547.3798828125
2023-11-21,1,0.6131457395026018,1,1,107575.89243198033,-0.0020209310950652926,4538.18994140625
2023-11-22,1,0.4825132391080604,1,1,108012.77203220523,0.00406112922094648,4556.6201171875
2023-11-24,1,0.374763780063803,1,1,108077.24201162643,0.0005968736678840791,4559.33984375
2023-11-27,1,0.467365495878486,1,1,107866.04206288344,-0.001954157460090089,4550.43017578125
2023-11-28,0,0.4484642452561465,1,1,107971.76356953211,0.0009801185306033133,4554.89013671875
2023-11-29,1,0.3881250442652717,1,1,107869.59543517829,-0.0009462486392382008,4550.580078125
2023-11-30,1,0.39113253679223936,1,1,108277.78184348486,0.0037840728581564065,4567.7998046875
2023-12-01,1,0.5232469796361275,1,1,108913.77761174974,0.005873742123607695,4594.6298828125
2023-12-04,-1,0.5646849502429794,1,1,108324.71645148359,-0.005408509126971994,4569.77978515625
2023-12-05,-1,0.3860286570216391,1,1,108263.09379969932,-0.0005688697261614362,4567.18017578125
2023-12-06,0,0.3686065632286626,0,0,107840.19619860202,-0.003906202808869552,4549.33984375
2023-12-07,1,0.37332031028867274,0,0,108699.48727081547,0.007968189065892917,4585.58984375
2023-12-08,1,0.3855071185570914,-1,-1,109144.66578939675,0.00409549786994079,4604.3701171875
2023-12-11,-1,0.3895147201486622,-1,-1,109144.66578939675,0.0,4622.43994140625
2023-12-12,-1,0.4151772739586296,1,1,109144.66578939673,-1.1102230246251565e-16,4643.7001953125
2023-12-13,1,0.3443159349743551,1,1,110634.56429753087,0.013650676351045998,4707.08984375
2023-12-14,0,0.3633298325474693,1,1,110927.42090219393,0.0026470624846994806,4719.5498046875
2023-12-15,1,0.4123329901873303,1,1,110918.96274255616,-7.624949330808928e-05,4719.18994140625
2023-12-18,0,0.40404573889853923,1,1,111421.24200267385,0.004528344366900416,4740.56005859375
2023-12-19,0,0.4882706229741067,1,1,112074.88444795107,0.005866407818910568,4768.3701171875
2023-12-20,0,0.4935585947240617,1,1,110429.14693069711,-0.014684266911006771,4698.35009765625
2023-12-21,1,0.4940165875739614,1,1,111566.72923432654,0.010301467821202559,4746.75
2023-12-22,0,0.40859344019600763,1,1,111751.93653450886,0.0016600585268868873,4754.6298828125
2023-12-26,0,0.361345447557307,1,1,112224.83602709236,0.0042316894655107795,4774.75
2023-12-27,-1,0.4387341572463316,1,1,112385.36891313463,0.0014304577464787638,4781.580078125
2023-12-28,0,0.3767971023359655,1,1,112426.97112302191,0.0003701746080437829,4783.35009765625
2023-12-29,-1,0.414995874183089,-1,-1,112109.19909831327,-0.0028264750133748517,4769.830078125
2024-01-02,0,0.4430435834249099,0,0,112109.19909831327,0.0,4742.830078125
2024-01-03,1,0.541166110900257,0,0,112109.19909831327,0.0,4704.81005859375
2024-01-04,1,0.5846711549902607,0,0,112109.19909831327,0.0,4688.68017578125
2024-01-05,1,0.5447387949334438,0,0,112109.19909831327,0.0,4697.240234375
2024-01-08,1,0.3839465166197072,0,0,112109.19909831327,0.0,4763.5400390625
2024-01-09,-1,0.5578958848243571,0,0,112109.19909831327,0.0,4756.5
2024-01-10,-1,0.5193305625848016,0,0,112109.19909831327,0.0,4783.4501953125
2024-01-11,-1,0.5065762632225929,-1,-1,112109.19909831327,0.0,4780.240234375
2024-01-12,-1,0.43546203406793527,0,0,112109.19909831327,0.0,4783.830078125
2024-01-16,1,0.42646458652074026,0,0,112109.19909831327,0.0,4765.97998046875
2024-01-17,1,0.5073298761868145,0,0,112109.19909831327,0.0,4739.2099609375
2024-01-18,1,0.4623189469317669,0,0,112109.19909831327,0.0,4780.93994140625
2024-01-19,-1,0.47708945065783837,0,0,112109.19909831327,0.0,4839.81005859375
2024-01-22,0,0.5230943867247237,0,0,112109.19909831327,0.0,4850.43017578125
2024-01-23,0,0.44893667077652766,0,0,112109.19909831327,0.0,4864.60009765625
2024-01-24,0,0.37893046937542973,0,0,112109.19909831327,0.0,4868.5498046875
2024-01-25,0,0.4805503831693503,0,0,112109.19909831327,0.0,4894.16015625
2024-01-26,0,0.423306035173352,0,0,112109.19909831327,0.0,4890.97021484375
2024-01-29,0,0.4192494211545895,0,0,112109.19909831327,0.0,4927.93017578125
2024-01-30,0,0.41098029045829954,1,1,112109.19909831326,-1.1102230246251565e-16,4924.97021484375
2024-01-31,0,0.5673894370439004,1,1,110303.59696902505,-0.01610574461159786,4845.64990234375
2024-02-01,1,0.5407726802334659,1,1,111681.6957181751,0.012493688211609788,4906.18994140625
2024-02-02,0,0.5319723354941679,1,1,112874.95277392135,0.01068444607751462,4958.60986328125
2024-02-05,0,0.3599786186182826,1,1,112515.29507607645,-0.0031863375266721894,4942.81005859375
2024-02-06,1,0.41217413204525855,1,1,112775.25163201924,0.0023104108269638157,4954.22998046875
2024-02-07,0,0.42721428306016584,1,1,113704.68412765526,0.008241457963390042,4995.06005859375
2024-02-08,0,0.49522667223318817,1,1,113769.5621170959,0.0005705832608251526,4997.91015625
2024-02-09,0,0.38926891481936365,1,1,114422.86579798564,0.0057423415255595245,5026.60986328125
2024-02-12,1,0.3960632988598191,1,1,114314.28380743471,-0.0009489536011327848,5021.83984375
2024-02-13,0,0.5296755468495341,1,1,112751.12106579075,-0.013674255653625456,4953.169921875
2024-02-14,1,0.5763334680609367,-1,-1,113831.25011459387,0.009579763275017639,5000.6201171875
2024-02-15,1,0.36658653255751983,1,1,113831.25011459387,0.0,5029.72998046875
2024-02-16,1,0.4263705339925566,0,0,113284.46513814767,-0.0048034698371119955,5005.56982421875
2024-02-20,1,0.5873996560871255,0,0,112604.1554472633,-0.006005322001165436,4975.509765625
2024-02-21,1,0.46246042383536196,0,0,112746.5096119072,0.001264199922982101,4981.7998046875
2024-02-22,1,0.42377483701351154,-1,-1,115128.04108035708,0.02112288421741426,5087.02978515625
2024-02-23,0,0.36025808824851274,1,1,115128.04108035708,0.0,5088.7998046875
2024-02-26,1,0.3940095360485886,1,1,114692.07981535124,-0.003786751350190576,5069.52978515625
2024-02-27,1,0.4393626644551203,1,1,114887.7846112677,0.0017063496993998672,5078.18017578125
2024-02-28,1,0.3810939741289474,0,0,114697.28284983287,-0.001658155060430544,5069.759765625
2024-02-29,-1,0.40780887744943123,0,0,115297.04580336036,0.005229094697149161,5096.27001953125
2024-03-01,0,0.3540273816149946,0,0,116220.32482446573,0.00800782894888763,5137.080078125
2024-03-04,0,0.39247023842153905,0,0,116081.6435189828,-0.0011932620709190767,5130.9501953125
2024-03-05,1,0.3986118573206513,0,0,114898.41161587776,-0.010193100883444606,5078.64990234375
2024-03-06,1,0.5696806921808593,0,0,115489.11620788732,0.005141103203274655,5104.759765625
2024-03-07,0,0.35193415029219177,0,0,116679.13083534846,0.010304127925951478,5157.35986328125
2024-03-08,0,0.4333365691574623,0,0,115917.38891238527,-0.0065285190034378715,5123.68994140625
2024-03-11,1,0.6451502113674142,0,0,115787.30200356204,-0.001122238087346461,5117.93994140625
2024-03-12,-1,0.35569062638595245,-1,-1,117084.32681154039,0.011201787981366396,5175.27001953125
2024-03-13,-1,0.4139760476636798,-1,-1,117084.32681154039,0.0,5165.31005859375
2024-03-14,1,0.634287896960757,0,0,117084.32681154039,0.0,5150.47998046875
2024-03-15,1,0.711365063658946,0,0,117084.32681154039,0.0,5117.08984375
2024-03-18,1,0.8297044919923784,0,1,117084.32681154039,0.0,5149.419921875
2024-03-19,1,0.44236882926040233,-1,-1,117745.75369538277,0.0056491496501236416,5178.509765625
2024-03-20,-1,0.4262463862355803,-1,-1,117745.75369538277,0.0,5224.6201171875
2024-03-21,0,0.3641601853379832,1,1,117745.75369538277,0.0,5241.52978515625
2024-03-22,0,0.4970774270665323,1,1,117580.65203027791,-0.0014021878490156903,5234.18017578125
2024-03-25,0,0.38579599005843046,1,1,117221.44731802345,-0.0030549644525016406,5218.18994140625
2024-03-26,1,0.49860380611673816,0,0,116893.25126955131,-0.002799795225030266,5203.580078125
2024-03-27,1,0.5720091211094448,1,1,117902.11326461409,0.008630626525532925,5248.490234375
2024-03-28,1,0.4185296857203491,1,1,118033.7492653398,0.0011164855071787994,5254.35009765625
2024-04-01,1,0.4377625930788964,-1,-1,117796.07833260713,-0.0020135845401164643,5243.77001953125
2024-04-02,1,0.44191849185246557,0,0,117796.07833260713,0.0,5205.81005859375
2024-04-03,1,0.7193804280705471,0,0,117796.07833260713,0.0,5211.490234375
2024-04-04,1,0.46585586531276507,0,0,117796.07833260713,0.0,5147.2099609375
2024-04-05,1,0.5290724168405996,0,0,117796.07833260713,0.0,5204.33984375
2024-04-08,-1,0.3933467668308793,0,0,117796.07833260713,0.0,5202.39013671875
2024-04-09,1,0.6107903693447017,0,0,117796.07833260713,0.0,5209.91015625
2024-04-10,1,0.46623009621965583,0,0,117796.07833260713,0.0,5160.64013671875
2024-04-11,1,0.5268503872052899,0,0,117796.07833260713,0.0,5199.06005859375
2024-04-12,-1,0.5319707429538787,1,1,117796.07833260713,0.0,5123.41015625
2024-04-15,1,0.5259510938854846,1,1,116380.00986351648,-0.01202135494776202,5061.81982421875
2024-04-16,1,0.5244154679968158,1,1,116140.67355702003,-0.0020565070133361507,5051.41015625
2024-04-17,-1,0.5693648167877196,1,1,115469.31046301463,-0.005780602724641426,5022.2099609375
2024-04-18,-1,0.466423019245073,1,1,115214.3357365665,-0.002208160119998248,5011.1201171875
2024-04-19,-1,0.4601272761439159,1,1,114205.2254320472,-0.00875854812743615,4967.22998046875
2024-04-22,1,0.5424617530238247,1,1,115202.3795863522,0.008731248071466746,5010.60009765625
2024-04-23,-1,0.4603983697887349,1,1,116580.72724349913,0.011964576270872662,5070.5498046875
2024-04-24,-1,0.5393924419160557,0,0,116605.56011136208,0.00021301006135510114,5071.6298828125
2024-04-25,1,0.4567830258182713,1,1,116071.92288667975,-0.004576430353515626,5048.419921875
2024-04-26,-1,0.4855164398518801,0,0,117256.91770331876,0.01020914263474304,5099.9599609375
2024-04-29,-1,0.504396472576654,0,0,117629.61279704122,0.0031784486665891176,5116.169921875
2024-04-30,-1,0.42951666261265486,0,0,115779.23857472003,-0.01573051358686217,5035.68994140625
2024-05-01,1,0.5862295108944893,0,0,115381.48608449209,-0.0034354388154940185,5018.39013671875
2024-05-02,1,0.5462572917392394,0,0,116434.73872013125,0.009128437077573048,5064.2001953125
2024-05-03,-1,0.4948096205255565,0,0,117896.7794287783,0.012556739721478527,5127.7900390625
2024-05-06,-1,0.4855654360962677,-1,-1,119114.19618139749,0.010326123907011597,5180.740234375
2024-05-07,-1,0.5216296219745619,-1,-1,119114.19618139749,0.0,5187.7001953125
2024-05-08,0,0.35620966768229884,-1,-1,119114.19618139749,0.0,5187.669921875
2024-05-09,0,0.4899468937793436,-1,-1,119114.19618139749,0.0,5214.080078125
2024-05-10,0,0.5249570324218747,-1,-1,119114.19618139749,0.0,5222.68017578125
2024-05-13,1,0.385756993335745,-1,-1,119114.19618139749,0.0,5221.419921875
2024-05-14,0,0.517888526413927,-1,-1,119114.19618139749,0.0,5246.68017578125
2024-05-15,0,0.5401708597162155,-1,-1,119114.19618139749,0.0,5308.14990234375
2024-05-16,-1,0.42906235353036615,-1,-1,119114.19618139749,0.0,5297.10009765625
2024-05-17,0,0.49416852201305284,-1,-1,119114.19618139749,0.0,5303.27001953125
2024-05-20,0,0.4789316326103852,1,1,119114.19618139749,0.0,5308.1298828125
2024-05-21,1,0.5814470787994952,1,1,119412.2049209159,0.002501874243978186,5321.41015625
2024-05-22,1,0.7465331835246307,1,1,119089.06080201462,-0.002706123039226127,5307.009765625
2024-05-23,1,0.69688310506349,1,1,118210.08951426673,-0.0073807894850155265,5267.83984375
2024-05-24,1,0.5992566272978939,1,1,119037.68338530743,0.0070010425881694704,5304.72021484375
2024-05-28,1,0.38933616120322206,1,1,119067.30018150268,0.0002488018529340774,5306.0400390625
2024-05-29,1,0.38994439089085486,1,1,118190.12584328347,-0.007367046509680342,5266.9501953125
2024-05-30,1,0.6196382531211923,0,0,117483.93563552183,-0.005975035585443322,5235.47998046875
2024-05-31,1,0.7625399094356604,0,1,118427.08212686407,0.008027876204864448,5277.509765625
2024-06-03,-1,0.4174937314939505,0,0,118559.2565303059,0.0011160825806737495,5283.39990234375
2024-06-04,1,0.4351753286091339,0,0,118737.42845887817,0.0015028090913065117,5291.33984375
2024-06-05,1,0.38760972591266846,0,0,120144.18792861969,0.011847649793331305,5354.02978515625
2024-06-06,0,0.34562049257843985,1,1,120120.1811211969,-0.00019981663563328755,5352.9599609375
2024-06-07,0,0.39664720695092703,1,1,119986.22072523573,-0.001115219730030259,5346.990234375
2024-06-10,1,0.40382681668796394,1,1,120295.8877226719,0.0025808546645142982,5360.7900390625
2024-06-11,0,0.46522914016317635,0,0,120621.93544904332,0.0027103813151374556,5375.31982421875
2024-06-12,0,0.38630678814445224,0,0,121647.66491963956,0.008503672791998707,5421.02978515625
2024-06-13,0,0.4315985289963351,0,0,121932.88682928012,0.0023446558536819317,5433.740234375
2024-06-14,0,0.48904268934386075,0,0,121884.86225742524,-0.000393860697500914,5431.60009765625
2024-06-17,0,0.5839100237823807,0,0,122819.0349581334,0.007664386564552705,5473.22998046875
2024-06-18,0,0.5591949414312903,0,0,123128.70195556959,0.0025213273947457537,5487.02978515625
2024-06-20,0,0.44278799985999295,0,0,122817.68724598689,-0.0025259318472709014,5473.169921875
2024-06-21,1,0.7514684115629952,1,1,122625.83001277242,-0.001562130321101085,5464.6201171875
2024-06-24,1,0.5743734107348416,1,1,122249.96076501744,-0.003065171894990004,5447.8701171875
2024-06-25,1,0.5841649692832621,1,1,122730.84199010694,0.003933590015736899,5469.2998046875
2024-06-26,1,0.4268318138495323,1,1,122923.82779528151,0.0015724312002205476,5477.89990234375
2024-06-27,1,0.3820898219722396,1,1,123035.35919316216,0.0009073212238914774,5482.8701171875
2024-06-28,1,0.41794151759685816,0,0,122532.92553073783,-0.004083652583445674,5460.47998046875
2024-07-01,1,0.5311281677104067,0,0,122860.77020663791,0.0026755639309195,5475.08984375
2024-07-02,0,0.3597746609258798,-1,-1,123621.9317301641,0.006195317856513505,5509.009765625
2024-07-03,0,0.422904379367369,-1,-1,123621.9317301641,0.0,5537.02001953125
2024-07-05,0,0.4707104630835619,1,1,123621.9317301641,0.0,5567.18994140625
2024-07-08,0,0.5856834100002839,1,1,123747.61802017468,0.0010166989647510949,5572.85009765625
2024-07-09,0,0.5440122780827967,1,1,123839.32390707164,0.0007410719362856977,5576.97998046875
2024-07-10,1,0.4424775984847899,1,1,125103.48381141975,0.010208065293514812,5633.91015625
2024-07-11,0,0.36835208287749044,1,1,124007.19837465564,-0.008763028841120457,5584.5400390625
2024-07-12,1,0.5208930094830432,1,1,124691.34944551291,0.0055170270744306915,5615.35009765625
2024-07-15,1,0.40813064294456003,1,1,125043.75246465747,0.0028262026252154904,5631.22021484375
2024-07-16,0,0.41406410641688796,1,1,125842.70395292607,0.006389375498743188,5667.2001953125
2024-07-17,1,0.38955523858223073,1,1,124090.02425193228,-0.013927543241993634,5588.27001953125
2024-07-18,1,0.5197337941281962,0,0,123120.08649783666,-0.007816403936922511,5544.58984375
2024-07-19,1,0.5421446237492344,0,0,122240.97638792831,-0.007140265531926815,5505.0
2024-07-22,1,0.5093839704969717,0,0,123560.20536292547,0.01079203564940956,5564.41015625
2024-07-23,-1,0.39801252147500965,0,0,123367.68588695688,-0.001558102589770738,5555.740234375
2024-07-24,1,0.5542920381418612,1,1,120511.83576005502,-0.02314909375473495,5427.1298828125
2024-07-25,1,0.567442961440933,1,1,119892.08915457585,-0.005142620237842177,5399.22021484375
2024-07-26,1,0.5034363327410604,1,1,121221.74861706354,0.011090468702846357,5459.10009765625
2024-07-29,-1,0.5421714712204198,1,1,121320.33949310445,0.0008133101292933098,5463.5400390625
2024-07-30,-1,0.47239393651389616,1,1,120718.56975691767,-0.004960171878030217,5436.43994140625
2024-07-31,-1,0.46450580212736126,0,0,122625.12625465318,0.0157933986591674,5522.2998046875
2024-08-01,-1,0.5864076681620823,1,1,120945.95872121217,-0.013693502993455953,5446.68017578125
2024-08-02,1,0.5367943005860287,1,1,118722.7469353677,-0.018381860868696753,5346.56005859375
2024-08-05,1,0.5128409323866853,1,1,115164.76886831617,-0.02996879838863975,5186.330078125
2024-08-06,1,0.48714778379713597,1,1,116357.19477553609,0.010354085880061037,5240.02978515625
2024-08-07,1,0.49654640543608,1,1,115457.21284814409,-0.007734647858502863,5199.5
2024-08-08,1,0.5199667591736288,0,0,118117.64855088612,0.023042611519136447,5319.31005859375
2024-08-09,1,0.5376721345685712,0,0,118669.45603514323,0.004671676849538509,5344.16015625
2024-08-12,-1,0.5235111653402191,0,0,118674.5628538626,4.303397765514916e-05,5344.39013671875
2024-08-13,-1,0.49360463798162796,0,0,120673.94201626173,0.016847579753558328,5434.43017578125
2024-08-14,-1,0.6191312175592936,0,0,121135.36639893774,0.0038237284285767004,5455.2099609375
2024-08-15,-1,0.5633600015224183,0,0,123089.67327807478,0.016133247764330783,5543.22021484375
2024-08-16,-1,0.5551171511836549,0,0,123334.59456905555,0.001989779357261412,5554.25
2024-08-19,-1,0.6011214902109008,0,0,124533.68861536765,0.009722284736913167,5608.25
2024-08-20,-1,0.5732428372439192,0,0,124286.54461135616,-0.0019845553982971165,5597.1201171875
2024-08-21,-1,0.49496359582598337,-1,-1,124813.47939467433,0.004239676828782235,5620.85009765625
2024-08-22,-1,0.48219547351387215,-1,-1,124813.47939467433,0.0,5570.64013671875
2024-08-23,1,0.48415520233836584,-1,-1,124813.47939467433,0.0,5634.60986328125
2024-08-26,-1,0.4613377340865194,-1,-1,124813.47939467433,0.0,5616.83984375
2024-08-27,1,0.41241787941216984,-1,-1,124813.47939467433,0.0,5625.7998046875
2024-08-28,-1,0.36406338587683396,0,0,124813.47939467433,0.0,5592.18017578125
2024-08-29,1,0.45188453290668884,0,0,124813.47939467433,0.0,5591.9599609375
2024-08-30,0,0.4392893737058068,-1,-1,124813.47939467433,0.0,5648.39990234375
2024-09-03,-1,0.5555057613743135,0,0,124813.47939467433,0.0,5528.93017578125
2024-09-04,1,0.48213885424195874,0,0,124813.47939467433,0.0,5520.06982421875
2024-09-05,-1,0.49496282782162115,0,0,124813.47939467433,0.0,5503.41015625
2024-09-06,1,0.4692674071781038,1,1,124813.47939467432,-1.1102230246251565e-16,5408.419921875
2024-09-09,1,0.5038956807734534,1,1,126258.82825826605,0.0115800702824842,5471.0498046875
2024-09-10,-1,0.4883787686400853,0,0,126823.54266659638,0.004472672652839682,5495.52001953125
2024-09-11,-1,0.5689223045912647,0,0,128176.1190324572,0.010665025888896507,5554.1298828125
2024-09-12,-1,0.5971359412742543,0,0,129136.83779980087,0.007495302358939471,5595.759765625
2024-09-13,-1,0.5274250338969175,1,1,129835.17255042355,0.005407711405364557,5626.02001953125
2024-09-16,-1,0.5181315073437782,1,1,129998.3272928802,0.0012566297656615433,5633.08984375
2024-09-17,1,0.47734711365024607,1,1,130032.71836090823,0.00026455008109871336,5634.580078125
2024-09-18,1,0.43090019123701906,1,1,129656.0843314952,-0.002896455862498093,5618.259765625
2024-09-19,1,0.4840289267688444,1,1,131857.23663736848,0.01697685316676334,5713.64013671875
2024-09-20,-1,0.5780581066622679,0,0,131601.29812881004,-0.0019410273951236956,5702.5498046875
2024-09-23,-1,0.44614589453051373,1,1,131971.00211011124,0.0028092730585327352,5718.56982421875
2024-09-24,-1,0.456537871347964,1,1,132302.40489867746,0.0025111788443472616,5732.93017578125
2024-09-25,-1,0.4851980010868875,1,1,132056.15718910462,-0.0018612489301417234,5722.259765625
2024-09-26,1,0.3681661217420348,1,1,132589.48918444084,0.00403867571712313,5745.3701171875
2024-09-27,-1,0.43379990108918387,1,1,132423.32578695027,-0.0012532169669906557,5738.169921875
2024-09-30,0,0.3938264727153786,1,1,132984.34416962098,0.004236552581176722,5762.47998046875
2024-10-01,-1,0.4132386108619215,1,1,131744.38390266974,-0.009324107094664247,5708.75
2024-10-02,1,0.655782570610741,1,1,131762.61612680778,0.00013839090212397487,5709.5400390625
2024-10-03,0,0.3824104667905299,0,0,131541.06868627734,-0.001681413492255035,5699.93994140625
2024-10-04,1,0.5824727559819938,0,0,132721.02487811417,0.008970249395274354,5751.06982421875
2024-10-07,-1,0.4915029431453576,0,0,131448.7581917539,-0.009586022165882668,5695.93994140625
2024-10-08,1,0.6679313189550073,-1,-1,132722.41088773654,0.009689347495581924,5751.1298828125
2024-10-09,0,0.5389385363854742,-1,-1,132722.41088773654,0.0,5792.0400390625
2024-10-10,-1,0.534084951790578,1,1,132722.41088773654,0.0,5780.0498046875
2024-10-11,-1,0.3554429092295675,1,1,133525.62668993487,0.006051847587953629,5815.02978515625
2024-10-14,0,0.44267565702947576,1,1,134554.7977408344,0.0077076668832223305,5859.85009765625
2024-10-15,-1,0.4459443611623902,1,1,133530.90753755748,-0.007609466332438197,5815.259765625
2024-10-16,1,0.6010683671592371,1,1,134155.71814363947,0.004679145956573816,5842.47021484375
2024-10-17,0,0.4193635877944769,1,1,134132.75598667326,-0.00017116047891174713,5841.47021484375
2024-10-18,1,0.3816899807437193,1,1,134665.47130109486,0.003971552738948558,5864.669921875
2024-10-21,1,0.35100431617967087,1,1,134420.00718856498,-0.0018227694906369774,5853.97998046875
2024-10-22,1,0.41353582216206775,1,1,134356.17732547483,-0.0004748538883844189,5851.2001953125
2024-10-23,0,0.4264171964506822,0,0,133121.26624511735,-0.009191323428069276,5797.419921875
2024-10-24,1,0.5941837186466667,0,0,133406.9141323381,0.002145772011323821,5809.85986328125
2024-10-25,1,0.40948846616381973,0,0,133366.96580945206,-0.00029944716993013376,5808.1201171875
2024-10-28,0,0.4999770352746263,0,0,133720.58078433352,0.0026514435020339455,5823.52001953125
2024-10-29,1,0.4031504061667821,0,0,133936.42281741774,0.001614127248163344,5832.919921875
